arm_length_m,source_distance_m,detuned_asd_per_sqrt_hz,single_source_snr_year,phi_sr_rad,signal_amplitude,theta_src,phi_src,theta_rot,phi_rot
500.0,750.0,1.0586999321223987e-26,9.818462414054334e-07,1.070148198385491,1.8510283215962777e-36,0.60741236,0.79144729,0.35947164,0.79410016
600.0,900.0,1.0211145936980284e-26,8.483195806450947e-07,1.142089445410555,1.542519528767994e-36,0.60741236,0.79144729,0.35947164,0.79410016
700.0,1050.0,9.976075313706244e-27,7.442624279870431e-07,1.1968483669933336,1.3221554243161163e-36,0.60741236,0.79144729,0.35947164,0.79410016
800.0,1200.0,9.819721238233037e-27,6.615963709759371e-07,1.2396862063544785,1.1568817501028531e-36,0.60741236,0.79144729,0.35947164,0.79410016
900.0,1350.0,9.710661174324209e-27,5.946879416255766e-07,1.2739967715279688,1.0283350293854794e-36,0.60741236,0.79144729,0.35947164,0.79410016
1000.0,1500.0,9.631660407731072e-27,5.396065833828774e-07,1.3020342409822767,9.254971761188073e-37,0.60741236,0.79144729,0.35947164,0.79410016
1100.0,1650.0,9.572648579174867e-27,4.935729328572274e-07,1.325340650443415,8.413566810017567e-37,0.60741236,0.79144729,0.35947164,0.79410016
1200.0,1800.0,9.527431770155053e-27,4.5458652091017684e-07,1.3450002749535503,7.712392045006449e-37,0.60741236,0.79144729,0.35947164,0.79410016
1300.0,1950.0,9.492035162968301e-27,4.211804888443057e-07,1.3617947158184982,7.119086654001889e-37,0.60741236,0.79144729,0.35947164,0.79410016
1400.0,2100.0,9.463815330995559e-27,3.9225971266212476e-07,1.376300060537243,6.610535771183598e-37,0.60741236,0.79144729,0.35947164,0.79410016
1500.0,2250.0,9.440959981983681e-27,3.6699269783270647e-07,1.3889494173623225,6.16978849495301e-37,0.60741236,0.79144729,0.35947164,0.79410016
1600.0,2400.0,9.42219361192573e-27,3.4473823079520786e-07,1.4000742033889197,5.7841316491139755e-37,0.60741236,0.79144729,0.35947164,0.79410016
1700.0,2550.0,9.406597763604192e-27,3.249947556917977e-07,1.4099320551183216,5.443843393048533e-37,0.60741236,0.79144729,0.35947164,0.79410016
1800.0,2700.0,9.393497666739157e-27,3.0736483547469255e-07,1.418726107605746,5.141362295167397e-37,0.60741236,0.79144729,0.35947164,0.79410016
1900.0,2850.0,9.382388689617622e-27,2.9152979039325754e-07,1.4266185764346382,4.870718804218216e-37,0.60741236,0.79144729,0.35947164,0.79410016
2000.0,3000.0,9.372887409553154e-27,2.7723131678674184e-07,1.433740499352526,4.627137279201334e-37,0.60741236,0.79144729,0.35947164,0.79410016
2100.0,3150.0,9.364698326760418e-27,2.642579703423382e-07,1.4401988388816616,4.406751725023903e-37,0.60741236,0.79144729,0.35947164,0.79410016
2200.0,3300.0,9.357590762424287e-27,2.524350912468449e-07,1.4460817388499332,4.206399054793806e-37,0.60741236,0.79144729,0.35947164,0.79410016
2300.0,3450.0,9.351382533119301e-27,2.416171998700125e-07,1.4514624683477828,4.023466283689051e-37,0.60741236,0.79144729,0.35947164,0.79410016
2400.0,3600.0,9.345928223777225e-27,2.3168218980136137e-07,1.4564024183754558,3.855775924359827e-37,0.60741236,0.79144729,0.35947164,0.79410016
2500.0,3750.0,9.34111063755105e-27,2.2252684508769609e-07,1.4609534051841069,3.7014988874340775e-37,0.60741236,0.79144729,0.35947164,0.79410016
2600.0,3900.0,9.336834476581884e-27,2.140633446450623e-07,1.4651594597523048,3.559087481906387e-37,0.60741236,0.79144729,0.35947164,0.79410016
2700.0,4050.0,9.333021612904194e-27,2.0621651075323643e-07,1.4690582318538472,3.427223304329345e-37,0.60741236,0.79144729,0.35947164,0.79410016
2800.0,4200.0,9.329607508432641e-27,1.9892162421232869e-07,1.4726821018550122,3.3047762946067593e-37,0.60741236,0.79144729,0.35947164,0.79410016
2900.0,4350.0,9.326538475889098e-27,1.9212267522794998e-07,1.4760590686092898,3.19077226300207e-37,0.60741236,0.79144729,0.35947164,0.79410016
3000.0,4500.0,9.323769562407434e-27,1.8577095238629638e-07,1.4792134642069619,3.08436691174507e-37,0.60741236,0.79144729,0.35947164,0.79410016
3100.0,4650.0,9.321262899230207e-27,1.7982389619248954e-07,1.4821665335891039,2.9848248847147572e-37,0.60741236,0.79144729,0.35947164,0.79410016
3200.0,4800.0,9.318986403867686e-27,1.742441612896516e-07,1.484936907898131,2.8915027453066477e-37,0.60741236,0.79144729,0.35947164,0.79410016
3300.0,4950.0,9.31691275123747e-27,1.6899884451844164e-07,1.4875409934969774,2.8038350492332952e-37,0.60741236,0.79144729,0.35947164,0.79410016
3400.0,5100.0,9.315018551988272e-27,1.640588457019608e-07,1.4899932936969638,2.721322875065912e-37,0.60741236,0.79144729,0.35947164,0.79410016
3500.0,5250.0,9.31328369168141e-27,1.5939833536305183e-07,1.4923066763459967,2.6435243209688397e-37,0.60741236,0.79144729,0.35947164,0.79410016
3600.0,5400.0,9.311690795794952e-27,1.5499430913662655e-07,1.494492597570184,2.5700465853116193e-37,0.60741236,0.79144729,0.35947164,0.79410016
3700.0,5550.0,9.310224793964718e-27,1.5082621288634822e-07,1.4965612898436578,2.500539331506124e-37,0.60741236,0.79144729,0.35947164,0.79410016
3800.0,5700.0,9.308872562948466e-27,1.4687562581103806e-07,1.4985219208380716,2.434689100500987e-37,0.60741236,0.79144729,0.35947164,0.79410016
3900.0,5850.0,9.30762263247145e-27,1.4312599136617454e-07,1.500382728171983,2.3722145828922795e-37,0.60741236,0.79144729,0.35947164,0.79410016
4000.0,6000.0,9.306464941636119e-27,1.395623878105048e-07,1.5021511342587033,2.3128626002175744e-37,0.60741236,0.79144729,0.35947164,0.79410016
4100.0,6150.0,9.305390636178084e-27,1.3617133174960424e-07,1.5038338445529476,2.256404674353328e-37,0.60741236,0.79144729,0.35947164,0.79410016
4200.0,6300.0,9.30439189893823e-27,1.3294060928218176e-07,1.5054369319465775,2.2026340869983443e-37,0.60741236,0.79144729,0.35947164,0.79410016
4300.0,6450.0,9.303461807497324e-27,1.298591303374127e-07,1.506965909554632,2.151363349461874e-37,0.60741236,0.79144729,0.35947164,0.79410016
4400.0,6600.0,9.30259421405929e-27,1.2691680257882173e-07,1.508425793664688,2.102422017480612e-37,0.60741236,0.79144729,0.35947164,0.79410016
4500.0,6750.0,9.301783643758404e-27,1.2410442188053967e-07,1.509821158397333,2.055654797393423e-37,0.60741236,0.79144729,0.35947164,0.79410016
4600.0,6900.0,9.301025208184109e-27,1.2141357689476233e-07,1.5111561833241482,2.0109198993367565e-37,0.60741236,0.79144729,0.35947164,0.79410016
4700.0,7050.0,9.300314531609022e-27,1.1883656564298557e-07,1.5124346950555452,1.968087600670441e-37,0.60741236,0.79144729,0.35947164,0.79410016
4800.0,7200.0,9.299647687807018e-27,1.1636632240333198e-07,1.5136602036879043,1.9270389889752416e-37,0.60741236,0.79144729,0.35947164,0.79410016
4900.0,7350.0,9.299021145770285e-27,1.1399635344332522e-07,1.514835934832706,1.8876648589690973e-37,0.60741236,0.79144729,0.35947164,0.79410016
5000.0,7500.0,9.298431722937568e-27,1.1172068037603627e-07,1.5159648578420695,1.8498647417933992e-37,0.60741236,0.79144729,0.35947164,0.79410016
5100.0,7650.0,9.297876544729295e-27,1.0953379010714236e-07,1.5170497107251748,1.8135460485008899e-37,0.60741236,0.79144729,0.35947164,0.79410016
5200.0,7800.0,9.297353009471132e-27,1.0743059049603937e-07,1.5180930222295492,1.7786233123718775e-37,0.60741236,0.79144729,0.35947164,0.79410016
5300.0,7950.0,9.296858757902537e-27,1.0540637098524762e-07,1.5190971314500208,1.7450175170059766e-37,0.60741236,0.79144729,0.35947164,0.79410016
5400.0,8100.0,9.29639164655996e-27,1.0345676756183474e-07,1.520064205249143,1.7126554990703198e-37,0.60741236,0.79144729,0.35947164,0.79410016
5500.0,8250.0,9.295949724530746e-27,1.0157773150490102e-07,1.5209962538255763,1.6814694162025108e-37,0.60741236,0.79144729,0.35947164,0.79410016
5600.0,8400.0,9.295531213064666e-27,9.97655014512866e-08,1.5218951445971731,1.6513962719239735e-37,0.60741236,0.79144729,0.35947164,0.79410016
5700.0,8550.0,9.295134487659932e-27,9.80165783759677e-08,1.5227626146562687,1.6223774905624272e-37,0.60741236,0.79144729,0.35947164,0.79410016
5800.0,8700.0,9.29475806229639e-27,9.632770313870484e-08,1.5236002819258903,1.594358536147893e-37,0.60741236,0.79144729,0.35947164,0.79410016
5900.0,8850.0,9.294400575500333e-27,9.469583629564114e-08,1.5244096552041533,1.5672885700650407e-37,0.60741236,0.79144729,0.35947164,0.79410016
6000.0,9000.0,9.294060778035117e-27,9.311813991363179e-08,1.5251921432138738,1.5411201429403035e-37,0.60741236,0.79144729,0.35947164,0.79410016
6100.0,9150.0,9.293737521976093e-27,9.159196115983379e-08,1.5259490627363932,1.5158089168351754e-37,0.60741236,0.79144729,0.35947164,0.79410016
6200.0,9300.0,9.293429751011132e-27,9.011481746763761e-08,1.5266816460139414,1.4913134143240257e-37,0.60741236,0.79144729,0.35947164,0.79410016
6300.0,9450.0,9.293136491807526e-27,8.86843831052918e-08,1.5273910474029908,1.4675947914692737e-37,0.60741236,0.79144729,0.35947164,0.79410016
6400.0,9600.0,9.292856846310796e-27,8.729847699504839e-08,1.5280783494307364,1.4446166320801296e-37,0.60741236,0.79144729,0.35947164,0.79410016
6500.0,9750.0,9.292589984864135e-27,8.595505164917343e-08,1.5287445683073695,1.4223447609628426e-37,0.60741236,0.79144729,0.35947164,0.79410016
6600.0,9900.0,9.292335140058119e-27,8.465218310518018e-08,1.5293906589058532,1.4007470741481987e-37,0.60741236,0.79144729,0.35947164,0.79410016
6700.0,10050.0,9.292091601202522e-27,8.338806175684991e-08,1.530017519329152,1.3797933843225252e-37,0.60741236,0.79144729,0.35947164,0.79410016
6800.0,10200.0,9.291858709375837e-27,8.216098398921282e-08,1.5306259950649173,1.3594552798971356e-37,0.60741236,0.79144729,0.35947164,0.79410016
6900.0,10350.0,9.291635852959291e-27,8.096934453673355e-08,1.531216882774448,1.3397059963326058e-37,0.60741236,0.79144729,0.35947164,0.79410016
7000.0,10500.0,9.291422463629858e-27,7.98116294925954e-08,1.5317909337744335,1.3205202984924e-37,0.60741236,0.79144729,0.35947164,0.79410016
7100.0,10650.0,9.291218012724459e-27,7.868640990562932e-08,1.5323488572114867,1.3018743729384389e-37,0.60741236,0.79144729,0.35947164,0.79410016
7200.0,10800.0,9.29102200796885e-27,7.759233590780709e-08,1.532891322970426,1.2837457292020423e-37,0.60741236,0.79144729,0.35947164,0.79410016
7300.0,10950.0,9.290833990516416e-27,7.652813132187046e-08,1.5334189643718938,1.266113109169586e-37,0.60741236,0.79144729,0.35947164,0.79410016
7400.0,11100.0,9.290653532256561e-27,7.549258870400356e-08,1.533932380612507,1.2489564038152696e-37,0.60741236,0.79144729,0.35947164,0.79410016
7500.0,11250.0,9.29048023337719e-27,7.448456478106621e-08,1.534432139047006,1.232256576595258e-37,0.60741236,0.79144729,0.35947164,0.79410016
7600.0,11400.0,9.290313720153967e-27,7.35029762462624e-08,1.5349187772626753,1.2159955928896612e-37,0.60741236,0.79144729,0.35947164,0.79410016
7700.0,11550.0,9.29015364292852e-27,7.254679588095182e-08,1.5353928050162453,1.2001563549425356e-37,0.60741236,0.79144729,0.35947164,0.79410016
7800.0,11700.0,9.289999674278839e-27,7.161504897330987e-08,1.535854706001098,1.184722641806504e-37,0.60741236,0.79144729,0.35947164,0.79410016
7900.0,11850.0,9.289851507334045e-27,7.070681000789554e-08,1.5363049394945134,1.1696790538485412e-37,0.60741236,0.79144729,0.35947164,0.79410016
8000.0,12000.0,9.289708854258994e-27,6.982119960223069e-08,1.5367439418908053,1.155010961417828e-37,0.60741236,0.79144729,0.35947164,0.79410016
8100.0,12150.0,9.289571444846341e-27,6.895738166950641e-08,1.5371721280852446,1.140704457315984e-37,0.60741236,0.79144729,0.35947164,0.79410016
8200.0,12300.0,9.289439025235548e-27,6.811456078796941e-08,1.5375898927965357,1.1267463127450926e-37,0.60741236,0.79144729,0.35947164,0.79410016
8300.0,12450.0,9.28931135674584e-27,6.729197975965096e-08,1.5379976117839655,1.113123936440199e-37,0.60741236,0.79144729,0.35947164,0.79410016
8400.0,12600.0,9.289188214797707e-27,6.64889173428418e-08,1.538395642950441,1.0998253367209226e-37,0.60741236,0.79144729,0.35947164,0.79410016
8500.0,12750.0,9.28906938792422e-27,6.570468614399461e-08,1.5387843274104234,1.0868390862217756e-37,0.60741236,0.79144729,0.35947164,0.79410016
8600.0,12900.0,9.28895467686405e-27,6.493863065613404e-08,1.5391639904554502,1.0741542890831559e-37,0.60741236,0.79144729,0.35947164,0.79410016
8700.0,13050.0,9.288843893725455e-27,6.419012543206012e-08,1.539534942455296,1.0617605504050339e-37,0.60741236,0.79144729,0.35947164,0.79410016
8800.0,13200.0,9.288736861214774e-27,6.34585733816672e-08,1.5398974797181653,1.0496479477833396e-37,0.60741236,0.79144729,0.35947164,0.79410016
8900.0,13350.0,9.28863341193066e-27,6.274340418360705e-08,1.5402518852543383,1.0378070047652448e-37,0.60741236,0.79144729,0.35947164,0.79410016
9000.0,13500.0,9.28853338770708e-27,6.204407280251706e-08,1.5405984295427386,1.0262286660740962e-37,0.60741236,0.79144729,0.35947164,0.79410016
9100.0,13650.0,9.288436639009667e-27,6.136005810366167e-08,1.5409373711921732,1.0149042744678645e-37,0.60741236,0.79144729,0.35947164,0.79410016
9200.0,13800.0,9.288343024374646e-27,6.069086155764636e-08,1.5412689575996439,1.0038255491068297e-37,0.60741236,0.79144729,0.35947164,0.79410016
9300.0,13950.0,9.28825240989333e-27,6.00360060284043e-08,1.5415934255413672,9.92984565316898e-38,0.60741236,0.79144729,0.35947164,0.79410016
9400.0,14100.0,9.288164668733265e-27,5.939503463831188e-08,1.5419110017462399,9.823737356446206e-38,0.60741236,0.79144729,0.35947164,0.79410016
9500.0,14250.0,9.288079680693407e-27,5.876750970476644e-08,1.5422219034166333,9.719857921087385e-38,0.60741236,0.79144729,0.35947164,0.79410016
9600.0,14400.0,9.2879973317904e-27,5.815301174303356e-08,1.542526338722866,9.618137695610071e-38,0.60741236,0.79144729,0.35947164,0.79410016
9700.0,14550.0,9.287917513884343e-27,5.7551138530529506e-08,1.5428245072771831,9.518509900762462e-38,0.60741236,0.79144729,0.35947164,0.79410016
9800.0,14700.0,9.287840124312279e-27,5.6961504228345516e-08,1.543116600552155,9.42091048298102e-38,0.60741236,0.79144729,0.35947164,0.79410016
9900.0,14850.0,9.287765065567117e-27,5.63837385557376e-08,1.5434028023078468,9.325277976729444e-38,0.60741236,0.79144729,0.35947164,0.79410016
10000.0,15000.0,9.287692244985467e-27,5.581748601409329e-08,1.5436832889663274,9.231553375097315e-38,0.60741236,0.79144729,0.35947164,0.79410016
